{"cameraMode":{"drawMode":0,"name":"Shaded","section":"Shading Mode"},"sceneLighting":true,"audioPlay":false,"sceneViewState":{"m_AlwaysRefresh":false,"showFog":true,"showSkybox":true,"showFlares":true,"showImageEffects":true,"showParticleSystems":true,"showVisualEffectGraphs":true,"m_FxEnabled":true},"in2DMode":false,"pivot":{"x":56.917057037353519,"y":22.444231033325197,"z":-59.994815826416019},"rotation":{"x":0.011627931147813797,"y":-0.04770248010754585,"z":0.0008301595808006823,"w":0.9987424612045288},"size":1.6760039329528809,"orthographic":false}